SNP,CHR,BP,EA,NEA,Z,P,Direction_UKBB_TAGC,P_het,N
1:100004463_TA_T,1,100004463,T,TA,0.374,0.7081,-+,0.2873,536345
1:10001235_TTTCG_T,1,10001235,T,TTTCG,2.298,0.02159,++,0.3433,536345
1:100015192_CT_C,1,100015192,CT,C,-0.804,0.4212,-+,0.4221,536345
1:10005296_AC_A,1,10005296,A,AC,-2.698,0.006978,--,0.8032,536345
1:100068864_TC_T,1,100068864,T,TC,0.213,0.8315,-+,0.1159,536345
1:100088590_AAC_A,1,100088590,A,AAC,1.065,0.2871,++,0.9756,536345
1:100109052_CA_C,1,100109052,CA,C,-1.184,0.2365,--,0.9376,536345
1:100116717_CCA_C,1,100116717,CCA,C,-0.954,0.3399,--,0.8208,536345
1:100138827_AT_A,1,100138827,A,AT,-0.516,0.6058,--,0.9539,536345
1:100142339_TA_T,1,100142339,T,TA,1.188,0.235,++,0.9709,536345
1:100146631_CTA_C,1,100146631,CTA,C,1.621,0.105,+-,0.02937,536345
1:100150722_ATCTG_A,1,100150722,A,ATCTG,1.684,0.09223,++,0.949,536345
1:100153243_ACT_A,1,100153243,A,ACT,0.109,0.913,-+,0.6885,536345
1:100154025_CTT_C,1,100154025,CTT,C,-1.717,0.08606,--,0.9333,536345
1:100155977_AT_A,1,100155977,A,AT,-0.13,0.8969,-+,0.4066,536345
1:100194896_CTGTA_C,1,100194896,CTGTA,C,0.61,0.5417,+-,0.2991,536345
1:100202315_TAA_T,1,100202315,T,TAA,-0.412,0.6806,-+,0.1581,536345
1:100210263_AC_A,1,100210263,A,AC,-0.111,0.9114,-+,0.1201,536345
1:100212662_AAC_A,1,100212662,A,AAC,-0.163,0.8704,-+,0.1231,536345
1:100222006_CA_C,1,100222006,CA,C,0.277,0.7821,+-,0.1759,536345
